form	lemma	POS	morph
༄༅།		PUNCT
		
།		PUNCT
གཏེར་ཆེན་	གཏེར་ཆེན་	OTHER
པདྨ་	པདྨ་	NOUN
གླིང་པ་	གླིང་པ་	NOUN
འི་	གི་	PART
བླ་མ་	བླ་མ་	NOUN
འི་	གི་	PART
རྣལ་འབྱོར་	རྣལ་འབྱོར་	NOUN
བཞུགས་	བཞུགས་	VERB
།		PUNCT
		
།		PUNCT
ཨོཾ་	ཨོཾ་	X
སྭ་		NON_WORD
སྟི་	སྟི་	NO_POS
།		PUNCT
རང་རིག་	རང་རིག་	NO_POS
ཨོ་རྒྱན་	ཨོ་རྒྱན་	PROPN
པདྨ་	པདྨ་	NOUN
གླིང་	གླིང་	NOUN
།		PUNCT
		
།		PUNCT
འདུ་	འདུ་	VERB
འབྲལ་	འབྲལ་	NO_POS
མེད་པ་	མེད་པ་	VERB
ར་	ལ་	PART
མཆོད་	མཆོད་	VERB
བྱ་	བྱ་	VERB
ཏེ་	སྟེ་	PART
།		PUNCT
		
།		PUNCT
དེ་ཉིད་	དེ་ཉིད་	NOUN
སྒྲུབ་པ་	སྒྲུབ་པ་	VERB
འི་	གི་	PART
ཐབས་	ཐབས་	NOUN
ཟབ་མོ་	ཟབ་མོ་	ADJ
།		PUNCT
		
།		PUNCT
བླ་མ་	བླ་མ་	NOUN
འི་	གི་	PART
རྣལ་འབྱོར་	རྣལ་འབྱོར་	NOUN
ཉུང་ངུ་	ཉུང་ངུ་	ADJ
ར་	ལ་	PART
དབྱེ་	དབྱེ་	VERB
"།
།"		PUNCT
དེ་	སྟེ་	PART
ལ་	ལ་	PART
འདི་	འདི་	DET
ར་	ལ་	PART
དད་པ་	དད་པ་	VERB
དང་	དང་	NO_POS
དམ་ཚིག་	དམ་ཚིག་	NOUN
ལྡན་པ་	ལྡན་པ་	VERB
འི་	གི་	PART
སྒྲུབ་པ་པོ་	སྒྲུབ་པ་པོ་	VERB
བདེ་བ་	བདེ་བ་	VERB
འི་	གི་	PART
སྟན་	སྟན་	NOUN
ལ་	ལ་	PART
འཁོད་	འཁོད་	NO_POS
དེ་	སྟེ་	PART
།		PUNCT
		
སྐྱབས་སེམས་	སྐྱབས་སེམས་	NO_POS
སྔོན་	སྔོན་	ADV
དུ་	ལ་	PART
འགྲོ་བ་	འགྲོ་བ་	VERB
ས་	གིས་	PART
།		PUNCT
ཨ་	ཨ་	X
།		PUNCT
		
གདོད་	གདོད་	NO_POS
ན་	ནས་	PART
སྐྱེ་	སྐྱེ་	NOUN
མེད་	མེད་	VERB
ཆོས་དབྱིངས་	ཆོས་དབྱིངས་	NOUN
ཀློང་	ཀློང་	NOUN
།		PUNCT
		
།		PUNCT
འགག་	འགག་	VERB
ས་	གིས་	PART
མེད་	མེད་	VERB
རང་	རང་	PRON
གསལ་	གསལ་	VERB
ཞིང་ཁམས་	ཞིང་ཁམས་	NOUN
ཆེ་	ཆེ་	VERB
ར་	ལ་	PART
།		PUNCT
		
།		PUNCT
གནས་	གནས་	NOUN
མེད་	མེད་	VERB
ཐུགས་རྗེ་	ཐུགས་རྗེ་	NOUN
སྤྲུལ་པ་	སྤྲུལ་པ་	VERB
འི་	གི་	PART
སྐུ་	སྐུ་	NOUN
།		PUNCT
		
།		PUNCT
རྩ་བ་	རྩ་བ་	NOUN
འི་	གི་	PART
བླ་མ་	བླ་མ་	NOUN
པདྨ་	པདྨ་	NOUN
གླིང་	གླིང་	NOUN
།		PUNCT
		
།		PUNCT
དཀར་དམར་	དཀར་དམར་	OTHER
མདངས་ལྡན་	མདངས་ལྡན་	NO_POS
སྔགས་པ་	སྔགས་པ་	NOUN
འི་	གི་	PART
ཚུལ་	ཚུལ་	NOUN
།		PUNCT
		
།		PUNCT
གསང་	གསང་	VERB
གོ་	གོ་	NOUN
དཀར་པོ་	དཀར་པོ་	ADJ
འདུང་		NON_WORD
མ་	མ་	PART
དམར་	དམར་	VERB
།		PUNCT
		
།		PUNCT
སྐུ་	སྐུ་	NOUN
ཤམ་	ཤམ་	NO_POS
བཙག་	བཙག་	NO_POS
ཁ་	ཁ་	PRON
གཟན་	གཟན་	NOUN
སྨུག་	སྨུག་	OTHER
དང་	དང་	NO_POS
།		PUNCT
		
།		PUNCT
དབུ་	དབུ་	NOUN
ལ་	ལ་	PART
པད་ཞྭ་	པད་ཞྭ་	NO_POS
ཁ་འབུས་	ཁ་འབུས་	NO_POS
གསོལ་	གསོལ་	VERB
།		PUNCT
		
།		PUNCT
ཕྱག་	ཕྱག་	NOUN
གཡའ་	གཡའ་	NOUN
རྡོ་རྗེ་	རྡོ་རྗེ་	NOUN
ཐུགས་ཀ་	ཐུགས་ཀ་	NOUN
ར་	ལ་	PART
གཏོད་	གཏོད་	VERB
།		PUNCT
		
།		PUNCT
གཡོན་པ་	གཡོན་པ་	ADJ
ས་	གིས་	PART
མཉམ་བཞག་	མཉམ་བཞག་	NOUN
ཐོད་	ཐོད་	NOUN
ཆང་	ཆང་	NOUN
བསྣམས་	བསྣམས་	NO_POS
།		PUNCT
		
།		PUNCT
ཞབས་	ཞབས་	NOUN
གཉིས་	གཉིས་	NUM
རྡོ་རྗེ་	རྡོ་རྗེ་	NOUN
འི་	གི་	PART
སྐྱིལ་ཀྲུང་	སྐྱིལ་ཀྲུང་	NOUN
བཞུགས་	བཞུགས་	VERB
།		PUNCT
		
།		PUNCT
དབུ་	དབུ་	NOUN
གཙུག་	གཙུག་	NOUN
གུ་རུ་	གུ་རུ་	PROPN
བདེ་བ་	བདེ་བ་	VERB
ཆེ་	ཆེ་	VERB
།		PUNCT
		
།		PUNCT
ཐུགས་	ཐུགས་	NOUN
དབུ་	དབུ་	NOUN
སྤྱན་རས་	སྤྱན་རས་	NO_POS
གཟིགས་	གཟིགས་	VERB
དབང་	དབང་	NOUN
ནི་	ནི་	NO_POS
།		PUNCT
		
།		PUNCT
སེམས་ཉིད་	སེམས་ཉིད་	NOUN
ངལ་གསོ་	ངལ་གསོ་	OTHER
བཞུགས་པ་	བཞུགས་པ་	VERB
ར་	ལ་	PART
གསལ་	གསལ་	VERB
།		PUNCT
		
།		PUNCT
ཞལ་	ཞལ་	NOUN
གཅིག་	གཅིག་	NUM
ཕྱག་	ཕྱག་	NOUN
གཉིས་	གཉིས་	NUM
གཡའ་	གཡའ་	NOUN
མཆོག་སྦྱིན་	མཆོག་སྦྱིན་	NOUN
གཡོན་	གཡོན་	NOUN
སྟ་ཟུར་	སྟ་ཟུར་	NOUN
ན་	ནས་	PART
གདན་	གདན་	NOUN
ལ་	ལ་	PART
བརྟེན་	བརྟེན་	VERB
ཞབས་	ཞབས་	NOUN
ཕྱེད་སྐྱིལ་	ཕྱེད་སྐྱིལ་	NO_POS
།		PUNCT
མཆན་	མཆན་	NOUN
།		PUNCT
གནས་	གནས་	NOUN
གསུམ་	གསུམ་	NUM
རྡོ་རྗེ་	རྡོ་རྗེ་	NOUN
འི་	གི་	PART
འབྲུ་	འབྲུ་	NOUN
གསུམ་	གསུམ་	NUM
ལ་	ལ་	ADP
ས་	གིས་	PART
།		PUNCT
		
།		PUNCT
འོད་འཕྲོ་	འོད་འཕྲོ་	NO_POS
ས་	གིས་	PART
ཡེ་ཤེས་	ཡེ་ཤེས་	NOUN
སྤྱན་	སྤྱན་	NOUN
དྲངས་	དྲངས་	NO_POS
གྱུར་	གྱུར་	VERB
།		PUNCT
		
།		PUNCT
ཧཱུྃ་		NON_WORD
།		PUNCT
		
འོག་མིན་	འོག་མིན་	PROPN
མཁའ་སྤྱོད་	མཁའ་སྤྱོད་	NOUN
ཞིང་ཁམས་	ཞིང་ཁམས་	NOUN
དང་	དང་	NO_POS
།		PUNCT
		
།		PUNCT
པདྨ་	པདྨ་	NOUN
འོད་	འོད་	NOUN
ཀྱི་	གི་	PART
ཕོ་བྲང་	ཕོ་བྲང་	NOUN
སོགས་	སོགས་	DET
།		PUNCT
		
།		PUNCT
སྐུ་གསུམ་	སྐུ་གསུམ་	OTHER
ཞིང་ཁམས་	ཞིང་ཁམས་	NOUN
རབ་འབྱམས་	རབ་འབྱམས་	ADJ
ན་	ནས་	PART
།		PUNCT
		
།		PUNCT
རིག་འཛིན་	རིག་འཛིན་	OTHER
བླ་མ་	བླ་མ་	NOUN
གཤེགས་	གཤེགས་	VERB
སུ་	ལ་	PART
གསོལ་	གསོལ་	VERB
།		PUNCT
		
།		PUNCT
དཔའ་བོ་	དཔའ་བོ་	NOUN
མཁའ་འགྲོ་	མཁའ་འགྲོ་	NOUN
འཁོར་	འཁོར་	NOUN
དང་	དང་	NO_POS
བཅའ་	བཅའ་	VERB
།		PUNCT
		
།		PUNCT
གདུགས་	གདུགས་	NOUN
དང་	དང་	NO_POS
རྒྱལ་མཚན་	རྒྱལ་མཚན་	NOUN
ཐིབས་སེ་	ཐིབས་སེ་	NO_POS
ཐིབ་	ཐིབ་	NO_POS
།		PUNCT
		
།		PUNCT
རོལ་མོ་	རོལ་མོ་	NOUN
མང་པོ་	མང་པོ་	ADJ
དི་		NON_WORD
རི་	རི་	NOUN
རི་	རི་	NOUN
།		PUNCT
		
།		PUNCT
དྲི་ཞིམ་	དྲི་ཞིམ་	NOUN
སྤོ་	སྤོ་	NOUN
ཀྱི་	གི་	PART
དུད་	དུད་	NO_POS
སྤྲིན་	སྤྲིན་	NOUN
གཏིབ་	གཏིབ་	NO_POS
།		PUNCT
		
།		PUNCT
ཧཱུྃ་		NON_WORD
དང་	དང་	NO_POS
ཕཊ་		NON_WORD
དང་	དང་	NO_POS
ཕེཾ་		NON_WORD
གྱི་	གི་	PART
སྒྲ་	སྒྲ་	NOUN
ས་	གིས་	PART
།		PUNCT
		
།		PUNCT
གནམ་ས་	གནམ་ས་	NOUN
གང་བ་	གང་བ་	VERB
ཙམ་	ཙམ་	DET
དུ་	ལ་	PART
ནི་	ནི་	NO_POS
།		PUNCT
		
།		PUNCT
སྤྱན་	སྤྱན་	NOUN
དྲངས་	དྲངས་	NO_POS
དམ་ཡེ་	དམ་ཡེ་	NO_POS
དབྱེ་	དབྱེ་	VERB
ར་	ལ་	PART
མེད་	མེད་	VERB
བཞུགས་	བཞུགས་	VERB
།		PUNCT
		
།		PUNCT
མོ་	མོ་	VERB
ལྡན་བུ་	ལྡན་བུ་	NO_POS
ལ་	ལ་	PART
བྱིན་	བྱིན་	VERB
གྱིས་	གིས་	PART
རློབས་	རློབས་	VERB
།		PUNCT
		
།		PUNCT
མཆོག་	མཆོག་	ADJ
དང་	དང་	NO_POS
ཐུན་མོང་	ཐུན་མོང་	ADJ
དངོས་གྲུབ་	དངོས་གྲུབ་	NOUN
སྩོལ་	སྩོལ་	VERB
།		PUNCT
		
།		PUNCT
བཛྲ་	བཛྲ་	NO_POS
ས་	ས་	ADP
མ་	མ་	PART
ཡ་	ཡ་	NOUN
ཛཿ་		NON_WORD
ཛཿ་		NON_WORD
ཧཱུྃ་		NON_WORD
བྃ་		NON_WORD
ཧོཿ་		NON_WORD
ཚོགས་	ཚོགས་	NOUN
བསགས་པ་	བསགས་པ་	VERB
ནི་	ནི་	NO_POS
།		PUNCT
ཧྲཱི་		NON_WORD
༔		PUNCT
		
ལུས་	ལུས་	NOUN
མཆོག་	མཆོག་	ADJ
ཞིང་	ཅིང་	PART
གི་	གི་	PART
རྡུལ་	རྡུལ་	NOUN
སྙེད་	སྙེད་	DET
སྤྲུལ་	སྤྲུལ་	VERB
།		PUNCT
		
།		PUNCT
རབ་	རབ་	ADV
གུ་	གུ་	VERB
དད་པ་	དད་པ་	VERB
ས་	གིས་	PART
ཕྱག་	ཕྱག་	NOUN
འཚལ་	འཚལ་	VERB
ལོ་	གོ་	PART
།		PUNCT
		
།		PUNCT
སྲིད་ཞི་	སྲིད་ཞི་	NOUN
འི་	གི་	PART
ཕུན་ཚོགས་	ཕུན་ཚོགས་	ADJ
ཇི་སྙེད་པ་	ཇི་སྙེད་པ་	OTHER
།		PUNCT
		
།		PUNCT
བློ་	བློ་	NOUN
ཡི་	གིས་	PART
བླངས་	བླངས་	VERB
ན་	ནས་	PART
མཆོད་པ་	མཆོད་པ་	VERB
ར་	ལ་	PART
འབུལ་	འབུལ་	NO_POS
།		PUNCT
		
།		PUNCT
ཚེ་རབས་	ཚེ་རབས་	NOUN
ཐོག་མེད་	ཐོག་མེད་	PROPN
ན་	ནས་	PART
བསགས་པ་	བསགས་པ་	VERB
འི་	གི་	PART
།		PUNCT
		
།		PUNCT
སྡིག་ལྟུང་	སྡིག་ལྟུང་	OTHER
སྟོབས་	སྟོབས་	NOUN
བཞི་	བཞི་	NUM
ཚང་བ་	ཚང་བ་	VERB
ས་	གིས་	PART
བཤགས་	བཤགས་	NO_POS
།		PUNCT
		
།		PUNCT
འཕགས་	འཕགས་	VERB
དང་	དང་	NO_POS
སོ་སྐྱེ་	སོ་སྐྱེ་	NOUN
འི་	གི་	PART
དགེ་ཚོགས་	དགེ་ཚོགས་	NOUN
ལ་	ལ་	PART
།		PUNCT
		
།		PUNCT
ཕྲག་དོག་	ཕྲག་དོག་	NOUN
མེད་པ་	མེད་པ་	VERB
ར་	ལ་	PART
རྗེས་	རྗེས་	NOUN
ཡི་	གི་	PART
རང་	རང་	PRON
།		PUNCT
		
།		PUNCT
རྒྱལ་བ་	རྒྱལ་བ་	NOUN
མྱ་ངན་	མྱ་ངན་	NOUN
འདའ་	འདའ་	VERB
བཞེད་	བཞེད་	VERB
ལ་	ལ་	PART
།		PUNCT
		
།		PUNCT
མི་འདའ་	མི་འདའ་	NO_POS
བཞུགས་པ་	བཞུགས་པ་	VERB
ར་	ལ་	PART
གསོལ་བ་	གསོལ་བ་	VERB
འདེབས་	འདེབས་	VERB
།		PUNCT
		
།		PUNCT
གདུལ་བྱ་	གདུལ་བྱ་	NOUN
འི་	གི་	PART
བློ་	བློ་	NOUN
དང་	དང་	NO_POS
འཚམས་པ་	འཚམས་པ་	VERB
ཡི་	གི་	PART
།		PUNCT
		
།		PUNCT
ཟབ་	ཟབ་	VERB
རྒྱ་	རྒྱ་	VERB
ཆོས་འཁོར་	ཆོས་འཁོར་	NOUN
བསྐོར་བ་	བསྐོར་བ་	VERB
ར་	ལ་	PART
བསྐུལ་	བསྐུལ་	VERB
།		PUNCT
		
།		PUNCT
དུས་གསུམ་	དུས་གསུམ་	OTHER
བསགས་པ་	བསགས་པ་	VERB
འི་	གི་	PART
ལེགས་བྱས་	ལེགས་བྱས་	OTHER
ཀུན་	ཀུན་	DET
།		PUNCT
		
།		PUNCT
འགྲོ་	འགྲོ་	VERB
རྣམས་	རྣམས་	DET
བྱང་ཆུབ་	བྱང་ཆུབ་	NOUN
ཐོབ་	ཐོབ་	VERB
ཕྱི་	ཕྱི་	OTHER
བསྔོ་	བསྔོ་	VERB
།		PUNCT
		
།		PUNCT
སྤྲོ་	སྤྲོ་	NO_POS
ན་	ལ་	PART
མཎྜལ་		NON_WORD
འབུལ་	འབུལ་	NO_POS
།		PUNCT
གསོལ་འདེབས་	གསོལ་འདེབས་	NOUN
ནི་	ནི་	NO_POS
།		PUNCT
དཀྱིལ་འཁོར་	དཀྱིལ་འཁོར་	NOUN
རྒྱ་མཚོ་	རྒྱ་མཚོ་	NOUN
འི་	གི་	PART
ཁྱབ་བདག་	ཁྱབ་བདག་	OTHER
པད་མ་	པད་མ་	NOUN
འབྱུང་	འབྱུང་	VERB
།		PUNCT
		
།		PUNCT
ཡེ་ཤེས་	ཡེ་ཤེས་	NOUN
གཅིག་ཉིད་	གཅིག་ཉིད་	NO_POS
དུ་མ་	དུ་མ་	ADJ
ར་	ལ་	PART
ཤར་བ་	ཤར་བ་	VERB
འི་	གི་	PART
གཟུགས་	གཟུགས་	NOUN
།		PUNCT
		
།		PUNCT
པདྨ་	པདྨ་	NOUN
གསལ་	གསལ་	VERB
དང་	དང་	NO_POS
པདྨ་	པདྨ་	NOUN
ལས་འབྲེལ་	ལས་འབྲེལ་	NOUN
རྩལ་	རྩལ་	NOUN
།		PUNCT
		
།		PUNCT
ཀློང་ཆེན་	ཀློང་ཆེན་	PROPN
རབ་འབྱམས་	རབ་འབྱམས་	ADJ
ཐེག་མཆོག་	ཐེག་མཆོག་	OTHER
བསྟན་པ་	བསྟན་པ་	VERB
འི་	གི་	PART
བདག་	བདག་	PRON
		
།		PUNCT
པདྨ་	པདྨ་	NOUN
གླིང་པ་	གླིང་པ་	NOUN
ར་	ལ་	PART
སྟོན་	སྟོན་	VERB
ལ་	ལ་	PART
གསོལ་བ་	གསོལ་བ་	VERB
འདེབས་	འདེབས་	VERB
།		PUNCT
		
།		PUNCT
མཆོག་	མཆོག་	ADJ
དང་	དང་	NO_POS
ཐུན་མོང་	ཐུན་མོང་	ADJ
དངོས་གྲུབ་	དངོས་གྲུབ་	NOUN
སྩལ་	སྩལ་	VERB
དུ་	ལ་	PART
གསོལ་	གསོལ་	VERB
།		PUNCT
		
།		PUNCT
མཚན་	མཚན་	NOUN
སྔགས་	སྔགས་	NOUN
ནི་	ནི་	NO_POS
།		PUNCT
ཨོཾ་	ཨོཾ་	X
ཨཱཿ་		NON_WORD
བཛྲ་	བཛྲ་	NO_POS
གུ་རུ་	གུ་རུ་	PROPN
པདྨ་	པདྨ་	NOUN
དྭཱི་པ་	དྭཱི་པ་	NON_WORD
སརྦ་	སརྦ་	NO_POS
སིདྡྷི་		NON_WORD
ཕ་ལ་	ཕ་ལ་	NO_POS
ཧཱུྃ་		NON_WORD
།		PUNCT
ཞེ་	ཅེས་	PART
བཟླ་	བཟླ་	NO_POS
།		PUNCT
སྤྱི་བོ་	སྤྱི་བོ་	NOUN
འི་	གི་	PART
བླ་མ་	བླ་མ་	NOUN
བདེ་བ་	བདེ་བ་	VERB
ཆེ་	ཆེ་	VERB
འི་	གི་	PART
།		PUNCT
		
།		PUNCT
སྐུ་	སྐུ་	NOUN
ལ་	ལ་	ADP
ས་	གིས་	PART
བདུད་རྩི་	བདུད་རྩི་	NOUN
འི་	གི་	PART
རྒྱུན་	རྒྱུན་	NOUN
བབས་པ་	བབས་པ་	VERB
།		PUNCT
		
།		PUNCT
བླ་མ་	བླ་མ་	NOUN
འི་	གི་	PART
སྐུ་	སྐུ་	NOUN
ཡི་	གི་	PART
དབྱིབས་	དབྱིབས་	NOUN
བརྒྱུད་	བརྒྱུད་	NO_POS
ན་	ནས་	PART
།		PUNCT
		
།		PUNCT
རང་	རང་	PRON
གི་	གི་	PART
སྤྱི་བོ་	སྤྱི་བོ་	NOUN
ན་	ནས་	PART
བབས་པ་	བབས་པ་	VERB
ས་	གིས་	PART
།		PUNCT
		
།		PUNCT
ལུས་	ལུས་	NOUN
གང་	གང་	NO_POS
སྒྲིབ་	སྒྲིབ་	NOUN
དག་	དག་	DET
དབང་	དབང་	NOUN
བཞི་	བཞི་	NUM
ཐོབ་	ཐོབ་	VERB
།		PUNCT
		
།		PUNCT
སྐུ་བཞི་	སྐུ་བཞི་	OTHER
མངོན་དུ་	མངོན་དུ་	NO_POS
གྱུར་པ་	གྱུར་པ་	VERB
དང་	དང་	NO_POS
།		PUNCT
		
།		PUNCT
བླ་མ་	བླ་མ་	NOUN
འོད་ཞུ་	འོད་ཞུ་	NO_POS
རང་	རང་	PRON
ལ་	ལ་	PART
ཐིམ་	ཐིམ་	NO_POS
།		PUNCT
		
།		PUNCT
ཐུགས་	ཐུགས་	NOUN
ཡིད་	ཡིད་	NOUN
བསྲེས་	བསྲེས་	NO_POS
ལ་	ལ་	PART
མཉམ་པ་	མཉམ་པ་	VERB
ར་	ལ་	PART
བཞག་	བཞག་	VERB
		
།		PUNCT
ཡི་དམ་	ཡི་དམ་	NOUN
གྱི་	གི་	PART
བཟླས་པ་	བཟླས་པ་	VERB
བྱ་ན་	བྱ་ན་	NOUN
།		PUNCT
རང་ཉིད་	རང་ཉིད་	OTHER
བླ་མ་	བླ་མ་	NOUN
ར་	ལ་	PART
གསལ་བ་	གསལ་བ་	VERB
དང་	དང་	NO_POS
།		PUNCT
		
།		PUNCT
སྤྱི་བོ་	སྤྱི་བོ་	NOUN
ར་	ལ་	PART
བླ་མ་	བླ་མ་	NOUN
བདེ་བ་	བདེ་བ་	VERB
ཆེ་	ཆེ་	VERB
།		PUNCT
		
།		PUNCT
སྙིང་ག་	སྙིང་ག་	NOUN
འི་	གི་	PART
ཐུགས་རྗེ་	ཐུགས་རྗེ་	NOUN
ཆེན་པོ་	ཆེན་པོ་	ADJ
ཡི་	གི་	PART
།		PUNCT
		
།		PUNCT
ཐུགས་	ཐུགས་	NOUN
དབུ་	དབུ་	NOUN
ཟླ་	ཟླ་	NOUN
སྟེང་	སྟེང་	NOUN
ཧྲཱིཿ་		NON_WORD
ཡི་	གིས་	PART
མཚན་	མཚན་	NOUN
།		PUNCT
		
།		PUNCT
སྔགས་	སྔགས་	NOUN
ཀྱིས་	གིས་	PART
བསྐོར་	བསྐོར་	VERB
ལ་	ལ་	ADP
ས་	གིས་	PART
འོད་ཟེར་	འོད་ཟེར་	NOUN
འཕྲོ་	འཕྲོ་	NOUN
ས་	གིས་	PART
།		PUNCT
		
།		PUNCT
འཕགས་	འཕགས་	VERB
མཆོད་	མཆོད་	VERB
སྒྲིབ་	སྒྲིབ་	NOUN
སྦྱངས་	སྦྱངས་	VERB
སྣང་གྲག་	སྣང་གྲག་	PROPN
རིག་	རིག་	VERB
		
།		PUNCT
རིག་འཛིན་	རིག་འཛིན་	OTHER
བླ་མ་	བླ་མ་	NOUN
འི་	གི་	PART
འཁོར་ལོ་	འཁོར་ལོ་	NOUN
ར་	ལ་	PART
རྫོགས་	རྫོགས་	VERB
།		PUNCT
སྤྱི་བོ་	སྤྱི་བོ་	NOUN
འི་	གི་	PART
བླ་མ་	བླ་མ་	NOUN
ལ་	ལ་	ADP
ས་	གིས་	PART
བདུད་རྩི་	བདུད་རྩི་	NOUN
འབེབས་	འབེབས་	VERB
དམིགས་	དམིགས་	VERB
དང་	དང་	NO_POS
བཅའ་	བཅའ་	VERB
།		PUNCT
ཨོཾ་	ཨོཾ་	X
ཨཱཿ་		NON_WORD
ཧཱུྃ་		NON_WORD
བཛྲ་	བཛྲ་	NO_POS
གུ་རུ་	གུ་རུ་	PROPN
པདྨ་	པདྨ་	NOUN
སིདྡྷི་		NON_WORD
ཧཱུྃ་		NON_WORD
།		PUNCT
སྙིང་ག་	སྙིང་ག་	NOUN
འི་	གི་	PART
ཡི་དམ་	ཡི་དམ་	NOUN
ལ་	ལ་	PART
དམིགས་	དམིགས་	VERB
ན་	ནས་	PART
།		PUNCT
ཨོཾ་	ཨོཾ་	X
མ་ཎི་	མ་ཎི་	OTHER
པདྨེ་		NON_WORD
ཧཱུྃ་		NON_WORD
ཧྲཱིཿ་		NON_WORD
ཅི་	ཅི་	NO_POS
ནུས་	ནུས་	VERB
བཟླས་	བཟླས་	NO_POS
མཐ་	མཐའ་	NOUN
ར་	ལ་	PART
།		PUNCT
		
ཡེ་ཤེས་	ཡེ་ཤེས་	NOUN
ལྷ་ཚོགས་	ལྷ་ཚོགས་	NOUN
སོགས་	སོགས་	DET
ཀྱི་	གི་	PART
སྟོང་	སྟོང་	NUM
ཚིག་	ཚིག་	NOUN
མཆོད་བསྟོད་	མཆོད་བསྟོད་	NOUN
བྱ་	བྱ་	VERB
འོ་	གོ་	PART
།		PUNCT
		
།		PUNCT
ཚོགས་མཆོད་	ཚོགས་མཆོད་	NOUN
འབུལ་བ་	འབུལ་བ་	VERB
ར་	ལ་	PART
སྤྲོ་	སྤྲོ་	NO_POS
ན་	ལ་	PART
།		PUNCT
		
དམ་ཚིག་	དམ་ཚིག་	NOUN
གི་	གི་	PART
རྫ་	རྫ་	NOUN
ཅི་	ཅི་	NO_POS
འབྱོར་པ་	འབྱོར་པ་	NOUN
བཤམས་	བཤམས་	NO_POS
ལ་	ལ་	PART
།		PUNCT
ཨཱཿ་		NON_WORD
		
གཟུང་བ་	གཟུང་བ་	VERB
རྣམ་དག་	རྣམ་དག་	ADJ
ཀ་པ་	ཀ་པ་	OTHER
ལ་	ལ་	PART
།		PUNCT
		
།		PUNCT
འཛིན་པ་	འཛིན་པ་	VERB
རང་གྲོལ་	རང་གྲོལ་	NOUN
དམ་ཚིག་	དམ་ཚིག་	NOUN
རྫ་	རྫ་	NOUN
།		PUNCT
		
།		PUNCT
རྃ་		NON_WORD
ཡྃ་		NON_WORD
ཁྃ་		NON_WORD
གྱིས་	གིས་	PART
སྦྱོང་བ་	སྦྱོང་བ་	VERB
དང་	དང་	NO_POS
།		PUNCT
		
།		PUNCT
འབྲུ་	འབྲུ་	NOUN
གསུམ་	གསུམ་	NUM
འོད་	འོད་	NOUN
ཀྱིས་	གིས་	PART
བདུད་རྩི་	བདུད་རྩི་	NOUN
ར་	ལ་	PART
གྱུར་	གྱུར་	VERB
།		PUNCT
ཨོཾ་	ཨོཾ་	X
ཨཱཿ་		NON_WORD
ཧཱུྃ་		NON_WORD
།		PUNCT
ལན་	ལན་	NOUN
གསུམ་	གསུམ་	NUM
བརྗོད་	བརྗོད་	VERB
།		PUNCT
ཧྲཱིཿ་		NON_WORD
སྐུ་གསུམ་	སྐུ་གསུམ་	OTHER
ཞིང་ཁམས་	ཞིང་ཁམས་	NOUN
རབ་འབྱམས་	རབ་འབྱམས་	ADJ
ན་	ནས་	PART
།		PUNCT
		
།		PUNCT
བླ་མ་	བླ་མ་	NOUN
ཡི་དམ་	ཡི་དམ་	NOUN
མཁའ་འགྲོ་	མཁའ་འགྲོ་	NOUN
འི་	གི་	PART
ཚོགས་	ཚོགས་	NOUN
།		PUNCT
		
།		PUNCT
འདི་	འདི་	DET
ར་	ལ་	PART
གཤེགས་	གཤེགས་	VERB
ཚོགས་	ཚོགས་	NOUN
ཀྱི་	གི་	PART
འདུ་བ་	འདུ་བ་	VERB
ར་	ལ་	PART
གཤེགས་	གཤེགས་	VERB
།		PUNCT
		
།		PUNCT
དམ་ཚིག་	དམ་ཚིག་	NOUN
རྫ་	རྫ་	NOUN
ལ་	ལ་	PART
བྱིན་	བྱིན་	VERB
ཆེན་	ཆེན་	NO_POS
ཕོབས་		NON_WORD
།		PUNCT
		
།		PUNCT
སྣང་སྲིད་	སྣང་སྲིད་	NOUN
བཅུད་	བཅུད་	NOUN
བསྡུ་	བསྡུ་	VERB
དངོས་གྲུབ་	དངོས་གྲུབ་	NOUN
དབྱིག་	དབྱིག་	NOUN
		
།		PUNCT
འཛད་པ་	འཛད་པ་	VERB
མེད་པ་	མེད་པ་	VERB
འི་	གི་	PART
གཏེར་	གཏེར་	NOUN
དུ་	ལ་	PART
གྱུར་	གྱུར་	VERB
།		PUNCT
		
།		PUNCT
བཛྲ་	བཛྲ་	NO_POS
ས་	ས་	ADP
མ་	མ་	PART
ཡ་	ཡ་	NOUN
ཛཿ་		NON_WORD
ཛཿ་		NON_WORD
ཧཱུྃ་		NON_WORD
བྃ་		NON_WORD
ཧོཿ་		NON_WORD
ཧོཿ་		NON_WORD
		
བཟའ་བཅའ་	བཟའ་བཅའ་	NO_POS
བཏུང་བ་	བཏུང་བ་	VERB
ཕྱི་	ཕྱི་	NOUN
ཡི་	གི་	PART
ཚོགས་	ཚོགས་	NOUN
།		PUNCT
		
།		PUNCT
འདོད་ཡོན་	འདོད་ཡོན་	NOUN
ལྔ་ལྡན་	ལྔ་ལྡན་	OTHER
ནང་	ནང་	NOUN
གི་	གི་	PART
ཚོགས་	ཚོགས་	NOUN
།		PUNCT
		
།		PUNCT
འབའ་	འབའ་	VERB
འཛག་	འཛག་	VERB
སྙོམས་འཇུག་	སྙོམས་འཇུག་	NO_POS
གསང་བ་	གསང་བ་	VERB
འི་	གི་	PART
ཚོགས་	ཚོགས་	NOUN
།		PUNCT
		
།		PUNCT
དགྱེས་	དགྱེས་	NO_POS
མཉམ་	མཉམ་	VERB
ཆེན་པོ་	ཆེན་པོ་	ADJ
འི་	གི་	PART
མཆོད་པ་	མཆོད་པ་	VERB
ར་	ལ་	PART
འབུལ་	འབུལ་	NO_POS
།		PUNCT
		
།		PUNCT
དམ་ཚིག་	དམ་ཚིག་	NOUN
ཉམས་	ཉམས་	NOUN
ཆགས་	ཆགས་	VERB
མཐོལ་	མཐོལ་	NO_POS
ལོ་	གོ་	PART
བཤགས་	བཤགས་	NO_POS
།		PUNCT
		
།		PUNCT
ཕྱི་	ཕྱི་	NOUN
ནང་	ནང་	NOUN
གསང་བ་	གསང་བ་	VERB
འི་	གི་	PART
འཁྲུལ་	འཁྲུལ་	NO_POS
རྟོག་	རྟོག་	VERB
སྒྲོལ་	སྒྲོལ་	VERB
།		PUNCT
		
།		PUNCT
ཡེ་ཤེས་	ཡེ་ཤེས་	NOUN
ཀློང་	ཀློང་	NOUN
ལྔ་	ལྔ་	NUM
འི་	གི་	PART
དབྱིངས་	དབྱིངས་	NOUN
སུ་	ལ་	PART
སྟོབས་	སྟོབས་	NOUN
།		PUNCT
		
།		PUNCT
མཆོག་	མཆོག་	ADJ
དང་	དང་	NO_POS
ཐུན་མོང་	ཐུན་མོང་	ADJ
དངོས་གྲུབ་	དངོས་གྲུབ་	NOUN
སྩོལ་	སྩོལ་	VERB
།		PUNCT
		
།		PUNCT
ཧཱུྃ་		NON_WORD
ཧྲཱིཿ་		NON_WORD
ཐུགས་དམ་	ཐུགས་དམ་	NOUN
བསྐང་བ་	བསྐང་བ་	VERB
འི་	གི་	PART
རྫ་	རྫ་	NOUN
མཆོག་	མཆོག་	ADJ
ནི་	ནི་	NO_POS
།		PUNCT
		
།		PUNCT
ཀུན་བཟང་	ཀུན་བཟང་	ADJ
བདེ་སྟོང་	བདེ་སྟོང་	NOUN
རོལ་མོ་	རོལ་མོ་	NOUN
ལ་	ལ་	ADP
ས་	གིས་	PART
།		PUNCT
		
།		PUNCT
བྱུང་བ་	བྱུང་བ་	VERB
འི་	གི་	PART
མཆོད་པ་	མཆོད་པ་	VERB
འི་	གི་	PART
སྤྲིན་ཕུང་	སྤྲིན་ཕུང་	NOUN
ཆེ་	ཆེ་	VERB
།		PUNCT
		
།		PUNCT
སྲིད་ཞི་	སྲིད་ཞི་	NOUN
འི་	གི་	PART
ཁམས་	ཁམས་	NOUN
ཀྱི་	གི་	PART
དག་པ་	དག་པ་	VERB
འི་	གི་	PART
རྫ་	རྫ་	NOUN
།		PUNCT
		
།		PUNCT
ཅིར་	ཅིར་	NO_POS
ཡང་	ཀྱང་	PART
འཆར་	འཆར་	NO_POS
ཞིང་	ཅིང་	PART
ཅིར་	ཅིར་	NO_POS
ཡང་	ཀྱང་	PART
འཕྲུལ་	འཕྲུལ་	VERB
།		PUNCT
		
།		PUNCT
བླ་མ་	བླ་མ་	NOUN
རིག་འཛིན་	རིག་འཛིན་	OTHER
དཀྱིལ་འཁོར་	དཀྱིལ་འཁོར་	NOUN
ནི་	ནི་	NO_POS
།		PUNCT
		
།		PUNCT
ཡུལ་	ཡུལ་	NOUN
དང་	དང་	NO_POS
དབང་པོ་	དབང་པོ་	NOUN
གཉིས་	གཉིས་	NUM
མེད་	མེད་	VERB
སྟོབས་	སྟོབས་	NOUN
།		PUNCT
		
།		PUNCT
བདེ་ཆེན་	བདེ་ཆེན་	NOUN
བདུད་རྩི་	བདུད་རྩི་	NOUN
ས་	གིས་	PART
རབ་མྱོས་	རབ་མྱོས་	NO_POS
ཏེ་	སྟེ་	PART
།		PUNCT
		
།		PUNCT
རྗེས་ཆགས་	རྗེས་ཆགས་	NO_POS
ཡེ་ཤེས་	ཡེ་ཤེས་	NOUN
སྒྱུ་མ་	སྒྱུ་མ་	NOUN
འི་	གི་	PART
འཕྲུལ་	འཕྲུལ་	VERB
།		PUNCT
		
།		PUNCT
ནམ་མཁའ་	ནམ་མཁའ་	NOUN
གང་བ་	གང་བ་	VERB
ར་	ལ་	PART
འབའ་	འབའ་	VERB
འཕྲོ་	འཕྲོ་	NOUN
ཡི་	གི་	PART
།		PUNCT
		
།		PUNCT
སྣོད་བཅུད་	སྣོད་བཅུད་	NOUN
ཡེ་	ཡེ་	ADV
དག་	དག་	DET
དཀྱིལ་འཁོར་	དཀྱིལ་འཁོར་	NOUN
དུ་	ལ་	PART
།		PUNCT
		
།		PUNCT
ལྷུན་	ལྷུན་	NOUN
རྫོགས་	རྫོགས་	VERB
བདེ་ཆེན་	བདེ་ཆེན་	NOUN
མཆོག་	མཆོག་	ADJ
དངོས་གྲུབ་	དངོས་གྲུབ་	NOUN
།		PUNCT
		
།		PUNCT
ཚེ་	ཚེ་	NOUN
འདི་ཉིད་	འདི་ཉིད་	OTHER
ལ་	ལ་	PART
འགྲུབ་	འགྲུབ་	VERB
གྱུར་ཅིག་	གྱུར་ཅིག་	NO_POS
		
།		PUNCT
དེ་ནས་	དེ་ནས་	NO_POS
ཚོགས་	ཚོགས་	NOUN
ལ་	ལ་	PART
རོལ་	རོལ་	VERB
ཞིང་	ཅིང་	PART
ལྷག་	ལྷག་	NOUN
གཏོ་	གཏོ་	VERB
ནི་	ནི་	NO_POS
།		PUNCT
ཧྲཱིཿ་		NON_WORD
ཕེཾ་		NON_WORD
།		PUNCT
		
སྔོན་ཚེ་	སྔོན་ཚེ་	NO_POS
གྲུབ་པ་	གྲུབ་པ་	VERB
འི་	གི་	PART
ཧེ་རུ་ཀ་	ཧེ་རུ་ཀ་	NOUN
འི་	གི་	PART
།		PUNCT
		
།		PUNCT
དཔལ་	དཔལ་	OTHER
གྱི་	གི་	PART
ཕམ་ཕབ་	ཕམ་ཕབ་	NO_POS
ལ་	ལ་	PART
དབང་	དབང་	NOUN
ཚོགས་	ཚོགས་	NOUN
།		PUNCT
		
།		PUNCT
ལྷག་	ལྷག་	NOUN
གཏོ་	གཏོ་	VERB
བཞེས་	བཞེས་	VERB
ལ་	ལ་	PART
རླུང་	རླུང་	NOUN
སེམས་	སེམས་	NOUN
ཀྱི་	གི་	PART
།		PUNCT
		
།		PUNCT
སྣང་	སྣང་	VERB
ཆ་	ཆ་	NOUN
རིག་	རིག་	VERB
དབྱིངས་	དབྱིངས་	NOUN
སྒྲོལ་བ་	སྒྲོལ་བ་	VERB
ར་	ལ་	PART
མཛོད་	མཛོད་	NOUN
།		PUNCT
ཨུཥྩི་		NON_WORD
ཊ་བ་	ཊ་བ་	NO_POS
ལིཾ་		NON_WORD
ཏ་	ཏ་	OTHER
ཁཱ་		NON_WORD
ཧི་	ཧི་	NO_POS
།		PUNCT
ཅེས་	ཅེས་	PART
ཕུལ་	ཕུལ་	VERB
ལ་	ལ་	PART
།		PUNCT
རིག་འཛིན་	རིག་འཛིན་	OTHER
བླ་མ་	བླ་མ་	NOUN
འི་	གི་	PART
དཀྱིལ་འཁོར་	དཀྱིལ་འཁོར་	NOUN
དུ་	ལ་	PART
།		PUNCT
		
།		PUNCT
ཚོགས་	ཚོགས་	NOUN
ཀྱི་	གི་	PART
མཆོད་པ་	མཆོད་པ་	VERB
ཕུལ་བ་	ཕུལ་བ་	VERB
ཡི་	གིས་	PART
།		PUNCT
		
།		PUNCT
བདག་གཞན་	བདག་གཞན་	NOUN
འགྲོ་བ་	འགྲོ་བ་	VERB
མ་ལུས་པ་	མ་ལུས་པ་	OTHER
།		PUNCT
		
།		PUNCT
དཀྱིལ་འཁོར་	དཀྱིལ་འཁོར་	NOUN
གཅིག་	གཅིག་	NUM
ཏུ་	ལ་	PART
འགྲུབ་པ་	འགྲུབ་པ་	VERB
ར་	ལ་	PART
ཤོག་	ཤོག་	VERB
		
།		PUNCT
གཏང་རག་	གཏང་རག་	NOUN
མཆོད་བསྟོད་	མཆོད་བསྟོད་	NOUN
ནོངས་	ནོངས་	NO_POS
བཤགས་	བཤགས་	NO_POS
ནི་	ནི་	NO_POS
།		PUNCT
ཧཱུྃ་		NON_WORD
ཧྲཱིཿ་		NON_WORD
རིག་འཛིན་	རིག་འཛིན་	OTHER
བླ་མ་	བླ་མ་	NOUN
འི་	གི་	PART
ལྷ་ཚོགས་	ལྷ་ཚོགས་	NOUN
མཆོད་	མཆོད་	VERB
།		PUNCT
		
།		PUNCT
ཡོན་ཏན་	ཡོན་ཏན་	NOUN
རྗེས་དྲན་	རྗེས་དྲན་	OTHER
གླུ་	གླུ་	NOUN
ཡི་	གིས་	PART
བསྟོད་	བསྟོད་	VERB
།		PUNCT
		
།		PUNCT
སྐུ་གསུང་ཐུགས་	སྐུ་གསུང་ཐུགས་	NOUN
ཀྱི་	གི་	PART
དངོས་གྲུབ་	དངོས་གྲུབ་	NOUN
སྩོལ་	སྩོལ་	VERB
།		PUNCT
		
།		PUNCT
འགལ་	འགལ་	VERB
འཁྲུལ་	འཁྲུལ་	NO_POS
ཉམས་	ཉམས་	NOUN
ཆགས་	ཆགས་	VERB
མཐོལ་	མཐོལ་	NO_POS
ལོ་	གོ་	PART
བཤགས་	བཤགས་	NO_POS
།		PUNCT
ཡིག་བརྒྱ་	ཡིག་བརྒྱ་	NO_POS
བརྗོད་	བརྗོད་	VERB
།		PUNCT
		
རྟེན་	རྟེན་	NOUN
ཡོད་	ཡོད་	VERB
ན་	ལ་	PART
བརྟན་བཞུགས་	བརྟན་བཞུགས་	OTHER
བྱ་	བྱ་	VERB
།		PUNCT
		
མཐ་	མཐའ་	NOUN
ར་	ལ་	PART
།		PUNCT
སྣོད་བཅུད་	སྣོད་བཅུད་	NOUN
འོད་ཞུ་	འོད་ཞུ་	NO_POS
རང་	རང་	PRON
ལ་	ལ་	PART
ཐིམ་	ཐིམ་	NO_POS
།		PUNCT
		
།		PUNCT
རང་	རང་	PRON
ཡང་	ཀྱང་	PART
མི་	མི་	PART
དམིགས་	དམིགས་	VERB
དབྱིངས་	དབྱིངས་	NOUN
སུ་	ལ་	PART
ཐིམ་	ཐིམ་	NO_POS
།		PUNCT
		
།		PUNCT
སླར་ཡང་	སླར་ཡང་	OTHER
བླ་མ་	བླ་མ་	NOUN
འི་	གི་	PART
སྐུ་	སྐུ་	NOUN
གསལ་བ་	གསལ་བ་	VERB
འི་	གི་	PART
།		PUNCT
		
།		PUNCT
གནས་	གནས་	NOUN
གསུམ་	གསུམ་	NUM
ཡི་གེ་	ཡི་གེ་	NOUN
ས་	གིས་	PART
སྲུང་བ་	སྲུང་བ་	VERB
ར་	ལ་	PART
གྱུར་	གྱུར་	VERB
།		PUNCT
ཨོཾ་	ཨོཾ་	X
བཛྲ་	བཛྲ་	NO_POS
ཀཱ་	ཀཱ་	NO_POS
ཝཱ་	ཝཱ་	NO_POS
ཙི་	ཙི་	NO_POS
རཀྵ་		NON_WORD
ཧཾ་		NON_WORD
།		PUNCT
		
།		PUNCT
དགེ་བ་	དགེ་བ་	VERB
འདི་	འདི་	DET
ཡི་	གིས་	PART
༴		PUNCT
		
སོགས་	སོགས་	DET
བསྔོ་སྨོན་	བསྔོ་སྨོན་	NO_POS
བྱ་	བྱ་	VERB
ཏེ་	སྟེ་	PART
རྗེས་	རྗེས་	NOUN
སྤྱོད་	སྤྱོད་	VERB
ལ་	ལ་	PART
འཇུག་	འཇུག་	VERB
གོ་	གོ་	PART
།		PUNCT
ཅེས་པ་	ཅེས་པ་	PART
འང་	ཀྱང་	PART
གཡག་	གཡག་	NOUN
ཟེ་	ཟེ་	OTHER
བླ་མ་	བླ་མ་	NOUN
འགྱུར་	འགྱུར་	VERB
གྲག་	གྲག་	VERB
ན་	ནས་	PART
རྟེན་	རྟེན་	NOUN
བཅའ་	བཅའ་	VERB
བསྐུལ་	བསྐུལ་	VERB
ངོ་	ངོ་	PART
ར་	ལ་	PART
ཆོ་	ཆོ་	NOUN
ཀྱི་	གི་	PART
བློ་གྲོས་པ་	བློ་གྲོས་པ་	NOUN
ས་	གིས་	PART
དབང་ཆེན་	དབང་ཆེན་	OTHER
སྤྲེལ་	སྤྲེལ་	NO_POS
ལོ་	གོ་	PART
སྤྲེལ་ཟླ་	སྤྲེལ་ཟླ་	NO_POS
འི་	གི་	PART
ཚེ་	ཚེ་	NOUN
ལ་	ལ་	PART
སྒྲུབ་	སྒྲུབ་	VERB
མཚོ་	མཚོ་	NOUN
པདྨ་	པདྨ་	NOUN
གླིང་	གླིང་	NOUN
ན་	ནས་	PART
བྲིས་	བྲིས་	VERB
ཏེ་	སྟེ་	PART
ལྷ་ལུང་	ལྷ་ལུང་	PROPN
ཆོས་གྲྭ་	ཆོས་གྲྭ་	NOUN
ཆེན་པོ་	ཆེན་པོ་	ADJ
ར་	ལ་	PART
གྲུབ་པ་	གྲུབ་པ་	VERB
ར་	ལ་	PART
བགྱིས་པ་	བགྱིས་པ་	VERB
འོ་	གོ་	PART
"།
།"		PUNCT
འདི་	འདི་	DET
དགེ་	དགེ་	NOUN
ས་	གིས་	PART
མ་	མ་	PART
གྱུར་	གྱུར་	VERB
སེམས་ཅན་	སེམས་ཅན་	NOUN
ཀུན་	ཀུན་	DET
།		PUNCT
		
།		PUNCT
ལས་ངན་	ལས་ངན་	NOUN
སྡིག་སྒྲིབ་	སྡིག་སྒྲིབ་	NOUN
ཀུན་བྱང་	ཀུན་བྱང་	NO_POS
ན་	ནས་	PART
།		PUNCT
		
།		PUNCT
པདྨ་	པདྨ་	NOUN
འོད་	འོད་	NOUN
ཀྱི་	གི་	PART
གྲོང་ཁྱེར་	གྲོང་ཁྱེར་	NOUN
དུ་	ལ་	PART
།		PUNCT
		
།		PUNCT
གུ་རུ་	གུ་རུ་	PROPN
ཡབ་	ཡབ་	NOUN
སྲ་	སྲ་	NOUN
དྲུང་	དྲུང་	NOUN
འཁོད་	འཁོད་	NO_POS
དེ་	སྟེ་	PART
"།
།"		PUNCT
གསུང་	གསུང་	VERB
གི་	གི་	PART
བདུད་རྩི་	བདུད་རྩི་	NOUN
ས་	གིས་	PART
འཚོ་བ་	འཚོ་བ་	VERB
དང་	དང་	NO_POS
།		PUNCT
		
།		PUNCT
རིག་འཛིན་	རིག་འཛིན་	OTHER
རྣམ་	རྣམ་	NOUN
བཞི་	བཞི་	NUM
འི་	གི་	PART
ལམ་བགྲོད་	ལམ་བགྲོད་	NOUN
དེ་	སྟེ་	PART
"།
།"		PUNCT
འཁོར་བ་	འཁོར་བ་	NOUN
དོང་	དོང་	VERB
ན་	ནས་	PART
སྤྲུགས་	སྤྲུགས་	VERB
ནུས་	ནུས་	VERB
ཤོག་	ཤོག་	VERB
		
།		PUNCT
སརྦ་	སརྦ་	NO_POS
མངྒ་		NON_WORD
ལཾ་		NON_WORD
།།		PUNCT
		
།།		PUNCT
